Year,Glob,NHem,SHem,24N-90N,24S-24N,90S-24S,64N-90N,44N-64N,24N-44N,EQU-24N,24S-EQU,44S-24S,64S-44S,90S-64S
1880,-.17,-.29,-.04,-.37,-.12,-.02,-.80,-.48,-.29,-.16,-.09,-.04,.05,.66
1881,-.08,-.18,.01,-.35,.11,-.07,-.91,-.43,-.21,.09,.12,-.05,-.07,.58
1882,-.11,-.22,-.01,-.31,-.04,.01,-1.41,-.26,-.17,-.06,-.03,.01,.04,.61
1883,-.17,-.29,-.06,-.35,-.16,-.01,-.19,-.54,-.28,-.18,-.14,-.04,.07,.49
1884,-.28,-.43,-.14,-.60,-.14,-.14,-1.30,-.62,-.48,-.13,-.15,-.19,-.02,.64
1885,-.33,-.43,-.24,-.65,-.13,-.27,-1.50,-.66,-.47,-.07,-.18,-.34,-.15,.81
1886,-.31,-.43,-.19,-.57,-.19,-.21,-1.58,-.49,-.41,-.21,-.17,-.20,-.20,.58
1887,-.36,-.44,-.28,-.53,-.29,-.28,-1.76,-.50,-.31,-.30,-.29,-.28,-.26,.31
1888,-.17,-.23,-.11,-.42,.11,-.29,-1.29,-.42,-.26,.07,.15,-.31,-.23,.15
1889,-.10,-.17,-.03,-.29,.09,-.16,-.67,-.21,-.28,.02,.16,-.15,-.15,.44
1890,-.35,-.38,-.32,-.45,-.36,-.23,-1.14,-.55,-.27,-.27,-.46,-.18,-.27,.14
1891,-.22,-.26,-.19,-.43,-.07,-.22,-1.12,-.34,-.37,.00,-.15,-.18,-.24,-.17
1892,-.27,-.40,-.15,-.44,-.29,-.08,-1.13,-.65,-.18,-.34,-.25,.02,-.21,.08
1893,-.31,-.47,-.15,-.51,-.36,-.05,-.65,-.55,-.48,-.42,-.29,.07,-.20,-.05
1894,-.30,-.38,-.21,-.32,-.33,-.24,-.90,-.32,-.19,-.48,-.17,-.15,-.35,-.39
1895,-.22,-.30,-.15,-.40,-.07,-.26,-.63,-.52,-.28,-.14,.01,-.20,-.32,-.59
1896,-.11,-.19,-.03,-.34,.10,-.16,-.82,-.36,-.23,.05,.16,-.16,-.13,.24
1897,-.11,-.16,-.05,-.35,.17,-.24,-.50,-.46,-.25,.13,.22,-.20,-.27,.39
1898,-.27,-.29,-.26,-.35,-.22,-.27,-1.13,-.24,-.24,-.19,-.25,-.28,-.21,.37
1899,-.17,-.21,-.14,-.24,-.11,-.19,-1.00,-.09,-.15,-.16,-.07,-.16,-.22,.57
1900,-.08,-.09,-.06,-.20,.18,-.30,-.52,-.15,-.15,.09,.27,-.29,-.29,.26
1901,-.15,-.12,-.18,-.16,-.03,-.31,-.36,-.10,-.15,-.06,.00,-.28,-.34,.25
1902,-.27,-.32,-.22,-.51,-.03,-.35,-1.28,-.49,-.32,-.03,-.04,-.28,-.43,-.06
1903,-.37,-.37,-.36,-.45,-.28,-.39,-.17,-.41,-.56,-.24,-.32,-.36,-.40,-.50
1904,-.47,-.48,-.46,-.50,-.46,-.44,-.12,-.59,-.55,-.44,-.48,-.38,-.49,-1.33
1905,-.26,-.29,-.22,-.40,-.08,-.36,-.02,-.22,-.63,-.12,-.04,-.33,-.37,-.34
1906,-.22,-.24,-.21,-.25,-.19,-.24,-.24,-.06,-.40,-.22,-.16,-.21,-.22,-.72
1907,-.38,-.47,-.29,-.58,-.30,-.29,-.53,-.71,-.52,-.31,-.29,-.21,-.37,-1.21
1908,-.43,-.46,-.40,-.48,-.44,-.36,-.19,-.54,-.52,-.43,-.44,-.29,-.48,.67
1909,-.48,-.50,-.47,-.53,-.48,-.44,-.71,-.62,-.45,-.45,-.51,-.38,-.52,-.58
1910,-.43,-.44,-.43,-.41,-.48,-.38,-.53,-.24,-.50,-.48,-.48,-.33,-.45,.15
1911,-.44,-.42,-.45,-.42,-.42,-.48,-.23,-.42,-.47,-.43,-.41,-.44,-.53,.04
1912,-.36,-.46,-.24,-.59,-.18,-.37,-.47,-.79,-.51,-.27,-.08,-.37,-.29,-1.64
1913,-.34,-.42,-.26,-.44,-.27,-.35,-.46,-.33,-.51,-.39,-.14,-.29,-.40,-1.05
1914,-.15,-.19,-.10,-.24,-.06,-.18,-.32,-.16,-.29,-.11,.00,-.16,-.18,-.37
1915,-.14,-.14,-.13,-.23,-.01,-.22,-.56,-.17,-.19,-.02,.00,-.15,-.23,-1.99
1916,-.36,-.42,-.30,-.37,-.45,-.23,-.41,-.54,-.25,-.50,-.39,-.23,-.17,-1.06
1917,-.46,-.58,-.36,-.50,-.63,-.19,-.78,-.50,-.44,-.69,-.57,-.23,-.09,.05
1918,-.29,-.40,-.20,-.41,-.33,-.14,-.98,-.27,-.35,-.38,-.27,-.06,-.23,-.29
1919,-.28,-.35,-.20,-.44,-.19,-.23,-.68,-.56,-.31,-.23,-.16,-.15,-.32,.19
1920,-.27,-.30,-.24,-.25,-.25,-.33,.02,-.20,-.35,-.37,-.12,-.19,-.48,-1.15
1921,-.19,-.11,-.26,.02,-.25,-.31,.04,.17,-.09,-.29,-.20,-.23,-.38,-.85
1922,-.28,-.27,-.29,-.24,-.31,-.28,-.27,-.40,-.14,-.32,-.31,-.25,-.29,-.29
1923,-.26,-.22,-.31,-.15,-.29,-.34,.21,-.15,-.26,-.32,-.26,-.27,-.41,-.55
1924,-.27,-.18,-.35,-.13,-.25,-.44,.49,-.25,-.23,-.26,-.24,-.40,-.45,-.54
1925,-.22,-.14,-.30,-.04,-.23,-.38,-.05,.18,-.19,-.28,-.19,-.25,-.55,-.87
1926,-.11,.02,-.21,.03,.02,-.41,.59,.16,-.22,.01,.03,-.35,-.45,-.64
1927,-.22,-.13,-.29,-.13,-.15,-.39,.05,-.22,-.13,-.14,-.17,-.31,-.45,-1.39
1928,-.20,-.10,-.29,-.07,-.14,-.40,.73,-.17,-.23,-.14,-.15,-.29,-.48,-2.13
1929,-.36,-.33,-.38,-.38,-.27,-.46,.16,-.62,-.38,-.27,-.27,-.43,-.44,-1.09
1930,-.15,-.01,-.29,.04,-.10,-.42,.55,.04,-.11,-.09,-.11,-.33,-.47,-2.60
1931,-.09,.05,-.21,.01,.09,-.43,.58,-.04,-.14,.11,.07,-.42,-.40,-.42
1932,-.15,-.05,-.25,.04,-.15,-.35,.50,.19,-.21,-.18,-.12,-.21,-.53,-1.00
1933,-.28,-.25,-.31,-.24,-.27,-.34,-.15,-.47,-.12,-.28,-.27,-.22,-.48,-1.16
1934,-.12,.00,-.25,.18,-.24,-.26,.89,.31,-.13,-.25,-.23,-.15,-.38,-.58
1935,-.20,-.09,-.29,-.04,-.17,-.38,.36,-.05,-.16,-.16,-.19,-.30,-.42,-1.72
1936,-.14,-.03,-.25,-.02,-.12,-.30,.41,.10,-.25,-.04,-.19,-.27,-.33,-.04
1937,-.03,.12,-.17,.20,-.05,-.22,1.25,.03,-.03,.01,-.10,-.19,-.26,.35
1938,.00,.16,-.17,.39,-.22,-.10,1.51,.39,.03,-.18,-.26,-.06,-.11,-.87
1939,-.02,.09,-.12,.23,-.12,-.12,.57,.28,.08,-.11,-.12,-.04,-.19,-1.61
1940,.13,.18,.10,.11,.29,-.07,1.01,-.02,-.09,.27,.30,.03,-.20,-.06
1941,.19,.23,.17,.01,.50,-.05,.01,-.10,.08,.54,.45,.03,-.15,-.48
1942,.07,.13,.01,.13,.08,-.01,.74,-.07,.06,.11,.04,.06,-.05,-.91
1943,.09,.18,-.01,.37,-.08,.04,1.42,.28,.11,-.11,-.05,.07,.00,1.13
1944,.20,.27,.14,.38,.19,.05,1.19,.47,.10,.11,.27,.18,-.10,-.95
1945,.09,.11,.09,.11,.17,-.03,.64,-.03,.04,.10,.24,.03,.00,-1.79
1946,-.07,.03,-.17,.07,-.04,-.24,-.02,-.05,.17,-.02,-.06,-.22,-.24,-.19
1947,-.03,.08,-.13,.16,-.06,-.17,1.07,-.13,.05,-.03,-.08,-.20,-.08,-.23
1948,-.10,-.01,-.19,.13,-.18,-.24,.12,.31,.01,-.23,-.13,-.20,-.19,-1.39
1949,-.11,-.02,-.19,.12,-.19,-.23,.21,.17,.05,-.23,-.14,-.18,-.15,-1.99
1950,-.17,-.15,-.20,-.05,-.29,-.15,.20,-.31,.04,-.30,-.27,-.06,-.16,-.87
1951,-.07,.05,-.18,.08,-.06,-.23,.09,.01,.12,.00,-.11,-.22,-.16,-.70
1952,.01,.06,-.03,.11,.02,-.09,.27,-.09,.19,-.01,.05,-.10,-.02,-.51
1953,.08,.25,-.08,.36,.07,-.19,1.02,.36,.14,.08,.07,-.08,-.24,-1.11
1954,-.13,-.01,-.25,.07,-.21,-.22,.80,-.21,.00,-.14,-.28,-.18,-.20,-.82
1955,-.14,-.09,-.20,.05,-.34,-.06,-.24,-.11,.23,-.29,-.38,-.16,-.08,1.22
1956,-.19,-.23,-.16,-.20,-.33,.00,.01,-.47,-.08,-.28,-.37,-.14,.02,.76
1957,.05,.04,.05,.03,.08,.02,.09,.22,-.11,.05,.10,-.09,-.02,.49
1958,.06,.15,-.03,.08,.20,-.15,-.17,.14,.12,.26,.15,-.08,-.08,-.53
1959,.03,.12,-.06,.16,.07,-.16,.49,.18,.04,.07,.08,-.03,-.26,-.36
1960,-.03,.08,-.13,.09,.02,-.20,.33,-.07,.11,.06,-.02,-.10,-.07,-.75
1961,.06,.09,.03,.19,-.03,.05,-.15,.38,.18,-.07,.00,.14,-.17,.21
1962,.03,.13,-.06,.24,-.05,-.08,.44,.31,.14,-.04,-.05,.09,-.07,-.65
1963,.05,.14,-.03,.14,.12,-.12,-.16,.31,.13,.14,.10,-.10,-.17,-.03
1964,-.20,-.19,-.20,-.23,-.14,-.24,-.66,-.20,-.12,-.14,-.14,-.30,-.07,-.38
1965,-.11,-.14,-.07,-.18,-.03,-.13,-.28,-.24,-.12,-.08,.02,-.23,-.03,-.01
1966,-.06,-.02,-.09,-.14,.08,-.15,-.76,-.19,.09,.16,-.01,-.23,-.14,.11
1967,-.02,.03,-.08,.12,-.14,-.01,.36,.26,-.05,-.11,-.17,-.09,-.02,.30
1968,-.08,-.07,-.09,-.11,-.07,-.08,-.33,-.02,-.08,-.02,-.11,-.14,.00,-.08
1969,.05,-.03,.14,-.29,.33,.02,-.04,-.61,-.17,.35,.32,.00,.13,-.14
1970,.03,-.04,.09,-.11,.06,.11,-.21,-.13,-.06,.07,.06,.11,.03,.31
1971,-.08,-.15,-.02,-.06,-.26,.13,-.08,.01,-.10,-.30,-.22,.03,.16,.44
1972,.01,-.18,.20,-.34,.16,.14,-.36,-.47,-.25,.06,.26,.16,-.02,.45
1973,.16,.09,.23,.10,.19,.18,.07,.27,.01,.08,.30,.22,.08,.34
1974,-.07,-.18,.03,-.15,-.20,.18,-.19,-.07,-.18,-.23,-.17,.22,-.08,.65
1975,-.01,-.06,.02,.12,-.24,.16,.09,.39,-.05,-.31,-.17,.13,.14,.29
1976,-.10,-.21,.01,-.26,-.12,.09,-.08,-.32,-.28,-.13,-.10,.10,.22,-.24
1977,.18,.12,.24,.13,.16,.25,.16,.24,.06,.09,.22,.22,.31,.28
1978,.07,.02,.11,-.04,.07,.16,-.16,.04,-.04,.10,.05,.21,.13,.04
1979,.16,.08,.25,-.03,.26,.23,-.60,.07,.08,.25,.27,.30,.33,-.20
1980,.26,.17,.35,.06,.31,.39,.25,.02,.02,.32,.29,.35,.37,.59
1981,.32,.37,.27,.47,.18,.36,1.09,.78,.08,.22,.14,.28,.39,.61
1982,.14,.05,.23,-.08,.27,.18,-.40,.09,-.09,.25,.29,.19,.32,-.11
1983,.31,.25,.38,.22,.43,.25,.19,.69,-.07,.29,.58,.21,.41,.05
1984,.16,.04,.28,.01,.18,.26,.36,.08,-.14,.07,.30,.16,.32,.51
1985,.12,.00,.24,-.03,.09,.30,.39,-.27,-.02,.04,.14,.30,.44,.04
1986,.18,.13,.23,.10,.22,.20,.01,.28,.03,.17,.27,.25,.25,-.11
1987,.32,.24,.40,.04,.58,.25,-.36,.13,.12,.55,.62,.32,.25,.00
1988,.39,.37,.41,.40,.37,.39,.59,.57,.24,.32,.42,.38,.20,.88
1989,.27,.27,.27,.40,.13,.34,.33,.69,.25,.07,.19,.36,.30,.36
1990,.45,.53,.37,.63,.37,.37,.58,.88,.48,.38,.36,.38,.37,.35
1991,.40,.41,.40,.47,.36,.39,.75,.66,.26,.32,.40,.31,.29,.95
1992,.22,.13,.31,.09,.28,.27,-.16,.44,-.04,.19,.36,.20,.33,.40
1993,.23,.19,.28,.13,.32,.22,.55,.29,-.11,.28,.35,.27,.39,-.31
1994,.31,.37,.26,.43,.31,.21,.35,.50,.41,.28,.34,.27,.23,-.05
1995,.45,.58,.32,.70,.42,.22,1.32,.98,.31,.40,.44,.29,.15,.14
1996,.33,.26,.39,.23,.32,.43,.77,.17,.10,.31,.32,.33,.28,1.19
1997,.46,.52,.41,.53,.51,.33,.77,.90,.22,.50,.52,.42,.36,-.04
1998,.61,.71,.51,.78,.69,.32,.87,.94,.65,.60,.79,.39,.31,.11
1999,.38,.48,.28,.70,.20,.30,.41,.80,.73,.16,.25,.46,.19,-.01
2000,.39,.50,.28,.70,.24,.29,.98,.80,.55,.21,.28,.42,.10,.26
2001,.54,.64,.43,.80,.42,.42,1.08,.86,.68,.40,.44,.58,.24,.25
2002,.63,.72,.54,.83,.59,.47,1.26,1.00,.58,.55,.63,.50,.32,.75
2003,.62,.75,.49,.84,.64,.37,1.51,.98,.54,.61,.66,.44,.24,.37
2004,.53,.66,.41,.72,.55,.32,.47,.95,.66,.56,.53,.48,.23,-.05
2005,.67,.86,.49,1.01,.62,.41,1.99,1.22,.57,.62,.61,.49,.19,.65
2006,.63,.82,.45,.98,.55,.39,1.74,1.06,.69,.57,.54,.51,.19,.41
2007,.66,.85,.47,1.13,.46,.47,2.12,1.32,.69,.45,.47,.49,.07,1.21
2008,.54,.68,.40,.92,.37,.39,1.54,1.08,.61,.34,.41,.52,.09,.58
2009,.65,.72,.59,.78,.67,.51,1.42,.60,.68,.65,.70,.60,.15,.95
2010,.72,.90,.54,1.02,.68,.47,2.22,.86,.74,.72,.64,.63,.20,.50
2011,.61,.74,.47,.99,.36,.56,2.36,.93,.58,.39,.34,.64,.18,1.09
2012,.65,.81,.48,1.04,.52,.42,2.22,.93,.74,.48,.56,.56,.19,.41
2013,.67,.80,.55,.95,.57,.53,1.55,1.04,.69,.58,.57,.62,.23,.86
2014,.74,.92,.57,1.07,.66,.52,2.04,1.14,.73,.69,.64,.72,.18,.56
2015,.90,1.18,.62,1.32,.95,.41,2.01,1.48,.99,.97,.93,.75,.18,-.31
2016,1.01,1.30,.72,1.54,1.00,.49,3.25,1.43,1.07,.95,1.05,.67,.26,.40
2017,.92,1.17,.66,1.39,.81,.60,2.52,1.38,1.03,.86,.75,.76,.35,.55
2018,.84,1.03,.65,1.24,.67,.69,2.14,1.09,1.05,.72,.61,.79,.38,.97
2019,.98,1.21,.74,1.41,.89,.65,2.70,1.43,.99,.90,.88,.74,.40,.86
2020,1.02,1.35,.68,1.67,.86,.57,2.92,1.82,1.19,.88,.83,.58,.39,.92
2021,.85,1.14,.55,1.42,.65,.53,2.05,1.36,1.26,.72,.58,.72,.32,.31
2022,.89,1.16,.62,1.52,.56,.71,2.35,1.51,1.27,.62,.49,.78,.39,1.12
